"Ahuja & Consultants, Inc. - Plano CPA Firm",https://www.googleadservices.com/pagead/aclk?sa=L&ai=DChcSEwj8mpaevZeOAxVYpoMHHR70ObIYABAAGgJlZg&co=1&gclid=EAIaIQobChMI_JqWnr2XjgMVWKaDBx0e9DmyEBAYASAAEgKyPvD_BwE&ohost=www.google.de&cid=CAASJeRoQWQ3PqcGBeEdeI2D4DzbdhOVlBxQmZmPN7udSqq8CJZxFgc&category=acrcp_v1_40&sig=AOD64_2Vuzf-ULuoid3338FtM6smuNv6DA&adurl&q&ctype=99,(469) 467-4660,Buchhalter,Geschlossen
Andrea M Still CPA PC,https://www.googleadservices.com/pagead/aclk?sa=L&ai=DChcSEwj8mpaevZeOAxVYpoMHHR70ObIYABABGgJlZg&co=1&gclid=EAIaIQobChMI_JqWnr2XjgMVWKaDBx0e9DmyEBAYAiAAEgLrIvD_BwE&ohost=www.google.de&cid=CAASJeRoQWQ3PqcGBeEdeI2D4DzbdhOVlBxQmZmPN7udSqq8CJZxFgc&category=acrcp_v1_40&sig=AOD64_2e-RzCxr8GAmBujrikpaoYf04Ovg&adurl&q&ctype=99,(817) 421-8800,Amtlich zugelassener Buch- und Rechnungsprüfer,
"J Chester & Associates, Inc Dallas CPA Firm",http://jchestercpa.com/, 1 214-330-4682,Amtlich zugelassener Buch- und Rechnungsprüfer,8140 Walnut Hill Ln #430
L&H CPAs and Advisors - Dallas CPA Firm,https://www.lhcpafirm.com/, 1 972-421-1099,Amtlich zugelassener Buch- und Rechnungsprüfer,10000 N Central Expy Ste #710
Kedra A. Flowers CPA PC,https://kedraflowerscpa.com/, 1 469-449-9833,Amtlich zugelassener Buch- und Rechnungsprüfer,2626 Cole Ave suit 300
Carter & Company Accounting Firm Dallas CPA,https://www.cartercompanycpa.com/dallas.php, 1 469-317-2999,Amtlich zugelassener Buch- und Rechnungsprüfer,325 North St. Paul Street Suite 3100
Patten and Company LLC,http://www.ptcpas.com/, 1 214-696-1922,Amtlich zugelassener Buch- und Rechnungsprüfer,10000 N Central Expy 1000 Suite 290
MJ Ahmed CPA,https://www.dallascpa.net/, 1 214-636-8100,Amtlich zugelassener Buch- und Rechnungsprüfer,13151 Emily Rd Suite 200
John G Robinson PC,https://metroplexcpa.com/, 1 214-292-6610,Amtlich zugelassener Buch- und Rechnungsprüfer,4925 Greenville Ave Suite 453
"John Wucinski, CPA, CFP, PC",http://www.cpadallaspro.com/, 1 972-404-1650,Amtlich zugelassener Buch- und Rechnungsprüfer,6220 Campbell Rd STE 201
Kelly CPA,https://kelly.cpa/, 1 469-857-0011,Amtlich zugelassener Buch- und Rechnungsprüfer,2333 Beatrice St
Gurian CPA Firm,https://gurianco.com/, 1 469-374-3150,Amtlich zugelassener Buch- und Rechnungsprüfer,"The Belvedere, 14881 Quorum Dr #350"
"Ron Allen CPA, PC",http://www.ronallencpa.com/, 1 214-954-0042,Amtlich zugelassener Buch- und Rechnungsprüfer,2909 Cole Ave #119
Hall Accounting Company,http://www.hallacctco.com/, 1 214-546-6887,Buchhalter,3415 Westminster Ave #206
"R&R and Associates, LLC",https://www.rrthefirm.com/, 1 214-653-0600,Buchhalter,2201 Main St #785
C M Craft PLLC Certified Public Accountant,http://www.cmcraft.com/, 1 214-361-5350,Amtlich zugelassener Buch- und Rechnungsprüfer,10300 N Central Expy #287
"Al Freideman, CPA | Tax & Accounting Firm",https://agfreideman.com/?utm_campaign=gmb, 1 972-893-3481,Amtlich zugelassener Buch- und Rechnungsprüfer,17304 Preston Rd Ste 861
Brown Welch Mehta CPAs,https://www.bwm-cpa.com/, 1 214-746-5074,Amtlich zugelassener Buch- und Rechnungsprüfer,14200 Midway Rd suite 126
PVC & Associates CPA,http://www.pcvs.cpa/, 1 214-638-7922,Amtlich zugelassener Buch- und Rechnungsprüfer,1111 W Mockingbird Ln #500
AmeriTax,http://www.ameritaxdallas.com/, 1 214-366-9500,Steuerberatung,9444 Marsh Ln
H & M Tax Group,http://hmtaxgroup.com/, 1 469-498-8000,Amtlich zugelassener Buch- und Rechnungsprüfer,13601 Preston Rd Ste 104W
Duke Tax,https://duke.tax/, 1 214-396-6009,Buchhalter,325 North St. Paul Street Suite 3100
Andrea M Still CPA PC,https://www.googleadservices.com/pagead/aclk?sa=L&ai=DChcSEwjmxLOgvZeOAxXwpIMHHQGtGMAYABABGgJlZg&co=1&gclid=EAIaIQobChMI5sSzoL2XjgMV8KSDBx0BrRjAEBAYASAAEgLQovD_BwE&ohost=www.google.de&cid=CAASJeRorMxpP3yBUZyLlAdSokRN2486egQpVqac_XGp0kj-lUsovUY&category=acrcp_v1_40&sig=AOD64_01IyVM1gV9T9KjBv-zH6SAnomYcQ&adurl&q&ctype=99,(817) 421-8800,Amtlich zugelassener Buch- und Rechnungsprüfer,
FinAcct Technologies (FinAcct Solutions),https://www.googleadservices.com/pagead/aclk?sa=L&ai=DChcSEwjmxLOgvZeOAxXwpIMHHQGtGMAYABAAGgJlZg&co=1&gclid=EAIaIQobChMI5sSzoL2XjgMV8KSDBx0BrRjAEBAYAiAAEgKLCPD_BwE&ohost=www.google.de&cid=CAASJeRorMxpP3yBUZyLlAdSokRN2486egQpVqac_XGp0kj-lUsovUY&category=acrcp_v1_40&sig=AOD64_1pnjErzNgBY85NrS353InZlbjoqQ&adurl&q&ctype=99,(945) 216-9711,Wirtschaftsprüfungsunternehmen,Geschlossen
Waters Hardy & Co - Accountant | CPA Firm | Dallas TX,https://www.watershardy.com/, 1 254-831-4942,Amtlich zugelassener Buch- und Rechnungsprüfer,4040 N Central Expy #710
"Abram & Associates, P.C.",http://abramandassociates.com/, 1 214-941-3311,Buchhalter, 
"John F. Bargman, CPA",http://www.bargmancpa.com/, 1 214-368-5145,Buchhalter,6440 N Central Expy
"Mostafa Ibrahim Sabry CPA, LLC - Mostafa Ibrahim CPA",http://mostafaibrahimcpa.com/, 1 817-992-1793,Amtlich zugelassener Buch- und Rechnungsprüfer,5220 Spring Valley Rd Suite 565
"Jim Matthews CPA, Inc",http://www.jimmatthewscpa.com/, 1 972-613-3034,Amtlich zugelassener Buch- und Rechnungsprüfer,Virtual 11816 Inwood Rd PMB 70100
Paramount Tax & Bookkeeping - North Dallas,https://paramount.tax/plano?location=north-dallas, 1 972-600-1245,Steuerberatung,4324 Mapleshade Ln Suite 161
Tax Plus Etc.,https://www.taxplusetc.net/?utm_source=google&utm_medium=google_business_profile&utm_campaign=website_click, 1 469-589-6554,Steuerberatung,4600 S Second Ave
"Peters CPA, LLC.",http://www.lpeterscpa.net/, 1 972-863-9640,Amtlich zugelassener Buch- und Rechnungsprüfer,10300 N Central Expy #106
Ledge Accounting,http://ledgeaccounting.com/, 1 737-285-4244,Buchhalter,
"Nancy K. Phillips PC: Nancy K. Phillips, CPA",http://www.nkphillipscpa.com/, 1 214-361-2444,Amtlich zugelassener Buch- und Rechnungsprüfer,8604 Greenville Ave #200
Pillai CPA,https://pillaicpa.com/, 1 972-203-2010,Amtlich zugelassener Buch- und Rechnungsprüfer,17330 Preston Rd Suite 100-A
Empire Tax Bookkeeping Of Dallas,https://empiretaxusa.com/dallas-tx/, 1 972-556-5779,Amtlich zugelassener Buch- und Rechnungsprüfer,2626 Cole Ave #491
Whitley Penn,http://www.whitleypenn.com/, 1 214-393-9300,Amtlich zugelassener Buch- und Rechnungsprüfer,8343 Douglas Ave #400
"Hall Accounting & Tax Services, LLC",https://hallaccountingandtax.com/, 1 469-513-4206,Buchhalter, 
Nafsu CPA,http://taxshieldcpa.com/, 1 972-655-8556,Amtlich zugelassener Buch- und Rechnungsprüfer, 
Steven Miller & Co.,https://smtaxcpa.com/, 1 214-361-1131,Amtlich zugelassener Buch- und Rechnungsprüfer,15150 Preston Rd #210
"Lane Gorman Trubitt, LLC",https://www.lgt-cpa.com/, 1 214-871-7500,Amtlich zugelassener Buch- und Rechnungsprüfer,2626 Howell St #700
"DALLASGAIN, LLC",http://www.dallasgain.com/, 1 972-851-3441,Steuerberatung,4100 Spring Valley Rd #638
"Renee Solinger CPA, PC",http://www.rsolinger.com/, 1 972-661-9766,Amtlich zugelassener Buch- und Rechnungsprüfer,17101 Preston Rd Ste 160
BVWD,https://bvwd.com/, 1 972-591-3224,Amtlich zugelassener Buch- und Rechnungsprüfer,8117 Preston Rd #460
RMJR Tax and Accounting,https://www.rmjr-tax-accounting.com/university-park-tx, 1 214-974-8707,Amtlich zugelassener Buch- und Rechnungsprüfer,3405 Milton Ave
"Shariff CPA Firm, P.C.",https://shariffcpa.com/, 1 214-741-4431,Wirtschaftsprüfungsunternehmen, 
"Deirdre L Taylor, CPA PLLC",http://dtaylorcpa.com/, 1 833-663-5900,Wirtschaftsprüfungsunternehmen,4131 N Central Expy #900
Perkins Dexter Sinopoli & Hamm,http://www.pdshcpas.com/, 1 972-669-9730,Amtlich zugelassener Buch- und Rechnungsprüfer,501 W President George Bush Hwy
Omotayo CPA LLC,https://www.omotayocpa.com/?utm_source=google&utm_medium=google_business_profile&utm_campaign=website_click, 1 214-387-1619,Amtlich zugelassener Buch- und Rechnungsprüfer,12801 N Central Expy Suite 750
Saville CPAs & Advisors,http://www.savillecpa.com/, 1 214-922-9727,Amtlich zugelassener Buch- und Rechnungsprüfer,700 N Pearl St Suite 1900
Rahman CPA Tax & Accounting PLLC,https://rahmancpa.com/, 1 214-800-4404,Amtlich zugelassener Buch- und Rechnungsprüfer,801 E Campbell Rd Suite 245C
Edwards & Associates PC,https://www.eandassociates.com/?UTM_source=GMB_listing&UTM_medium=organic, 1 972-267-9191,Amtlich zugelassener Buch- und Rechnungsprüfer,17060 Dallas Pkwy #200
Kamran Ansari CPA,http://www.ansaricpa.net/, 1 469-583-2632,Steuerberatung,
Edom & Co. CPAs,http://www.edomandco.com/, 1 972-750-3325,Amtlich zugelassener Buch- und Rechnungsprüfer,701 Commerce St 5th Floor
Tax & Travel Firm by Jenishia,, 1 214-940-0824,Steuerberatung,3309 Elm St
"Carr, Riggs & Ingram CPAs and Advisors",http://www.cricpa.com/, 1 214-346-5800,Wirtschaftsprüfungsunternehmen,12400 Coit Rd # 1000
"Buck Stops Here Accounting, Inc.",http://www.bshaccounting.com/, 1 469-482-0084,Buchhaltungsdienst,3710 Rawlins St #1420
PricewaterhouseCoopers,http://www.pwc.com/, 1 214-999-1400,Buchhalter,2121 N Pearl St Suite 2000
Calvetti Ferguson,https://calvettiferguson.com/, 1 972-848-6600,Amtlich zugelassener Buch- und Rechnungsprüfer,2200 Ross Ave Suite 3850
Crowe LLP,https://www.crowe.com/about-us/our-offices/dallas?utm_source=gmb&utm_medium=Yext, 1 214-777-5200,Buchhalter,2200 Ross Ave Suite 4200E
"The Burns Firm, Ltd.",https://www.theburnsfirm.com/, 1 972-699-9994,Amtlich zugelassener Buch- und Rechnungsprüfer,16000 Dallas Pkwy Suite 250
"Jesse S. Romero, CPA, P.C.",https://www.romerocpafirm.com/about-us.htm, 1 214-393-4490,Buchhalter,12801 N Central Expy Ste 1220
Armanino - Dallas,https://www.armanino.com/, 1 972-661-1843,Amtlich zugelassener Buch- und Rechnungsprüfer,15950 Dallas Pkwy #600
Cooper Tax Services,http://www.coopertaxserv.com/, 1 888-537-4211,Steuerberatung, 
Haynie & Company,https://www.hayniecpas.com/dallas-texas/?utm_source=GBPlisting&utm_medium=organic&utm_campaign=WebsiteURL, 1 214-296-0900,Amtlich zugelassener Buch- und Rechnungsprüfer,12222 Merit Dr # 1900
"Frazier Gills, P.C. Certified Public Accountants & Consultants",http://www.fraziergills.com/, 1 214-337-5000,Buchhalter,325 North St. Paul Street Suite 3100
"Silva, Mejia & Delgado, LP",http://www.smdlp.com/, 1 866-887-5618,Amtlich zugelassener Buch- und Rechnungsprüfer,5757 Alpha Rd Suite 550
Smith a E CPA,, 1 972-701-9400,Buchhalter,12700 Park Central Dr # 408
"Carter & Company, CPA",, 1 214-880-0380,Amtlich zugelassener Buch- und Rechnungsprüfer,4300 MacArthur Ave UNIT 200
Richard D Orrock PC: Orrock Richard D CPA,, 1 214-373-0223,Buchhalter,"Expressway Tower, 6116 N Central Expy # 1200"
SKC CPA LLC,http://www.lonestarcpagroup.com/, 1 972-372-9710,Amtlich zugelassener Buch- und Rechnungsprüfer,13101 Preston Rd
Dallas Tax Solutions,http://dallastaxsolutions.com/, 1 214-540-4922,Steuerberatung,4144 N Central Expy Suite 860
"Melton, Fangman & Company",http://www.fangmanco.com/, 1 214-891-9599,Amtlich zugelassener Buch- und Rechnungsprüfer,15110 Dallas Pkwy #500
"Marcella K Anderson, CPA Firm",http://www.mkacpa.com/, 1 214-343-7299,Amtlich zugelassener Buch- und Rechnungsprüfer,10713 Plano Rd #200
Joiner J David CPA,, 1 214-365-9100,Buchhalter,5910 N Central Expy
Empower Tax & Accounting Services LLC,http://www.dallascpataxaccountant.com/, 1 214-540-4543,Amtlich zugelassener Buch- und Rechnungsprüfer, 
Reyna CPAs,http://www.reynacpas.com/, 1 972-701-0071,Buchhalter,4835 Lyndon B Johnson Fwy # 280
Tax Clean Up,https://www.taxcleanup.com/, 1 214-617-2020,Amtlich zugelassener Buch- und Rechnungsprüfer,12005 Ford Rd STE 110
Amna CPA,http://www.amnacpa.com/, 1 972-690-6464,Amtlich zugelassener Buch- und Rechnungsprüfer,13111 N Central Expy Suite # 150
"Hegwood Group, LP",https://www.hegwoodgroup.com/, 1 972-248-9574,Steuerberater,17000 Dallas Pkwy #222
DiLucci CPA Firm,http://dilucci.com/, 1 972-444-9934,Wirtschaftsprüfungsunternehmen,1507 E Sandy Lake Rd #120
"EW Tax and Valuation Group, LLP",http://ew.tax/, 1 972-250-9959,Buchhalter,16660 Dallas Pkwy #2400
Janet Alonso Income Tax,, 1 214-942-7888,Steuerberatung,609 S Hampton Rd #7816
Mitul Mehta CPA,https://www.cpa-mehta.com/, 1 469-802-8686,Amtlich zugelassener Buch- und Rechnungsprüfer,14200 Midway Rd suite 126
Pulliam & Cable Pc: Cable Davis J,http://www.pulliamcable.com/, 1 214-368-0895,Buchhalter,6116 N Central Expy # 1000
Meggs Company CPAs,http://www.meggsco.com/, 1 972-980-9390,Amtlich zugelassener Buch- und Rechnungsprüfer,17000 Dallas Pkwy #104
A. Morani CPA P.C.,, 1 469-283-0468,Amtlich zugelassener Buch- und Rechnungsprüfer,1349 Empire Central Dr #700
Elite Tax Services,,,Steuerberatung,211 N Ervay St Ste 1310
Dark Horse CPAs - Dallas,https://darkhorse.cpa/dallas-cpa-firm/, 1 970-305-5793,Amtlich zugelassener Buch- und Rechnungsprüfer,
"Mark F. Grigsby, CPA",https://markfgrigsbycpa.com/contact/, 1 972-672-6494,Buchhalter,6060 N Central Expy
"Holly C. Roundtree, CPA",http://www.hcroundtreecpa.com/, 1 972-404-4434,Buchhalter,"One Galleria Tower, 13355 Noel Rd Suite 1960"
Truth Induced Financial,http://www.truthinduced.biz/, 1 972-290-0807,Steuerberatung, 
"Patel & Ved, CPA",http://www.cpanetwork.net/, 1 972-789-1040,Buchhalter,14200 Midway Rd Suite 120
"Steve Luong, CPA",http://sluongcpa.com/, 1 972-345-4238,Amtlich zugelassener Buch- und Rechnungsprüfer,12225 Greenville Ave #121
"Baze & Company CPAs, LLC",, 1 972-385-1040,Amtlich zugelassener Buch- und Rechnungsprüfer,12900 Preston Rd #306
"Bulloch, Dupertuis, Schulman, Seger and Co.",https://www.bdsandco.com/, 1 972-381-1272,Buchhalter,17101 Preston Rd
"Ward, Asel & Associates PC",, 1 469-726-3819,Amtlich zugelassener Buch- und Rechnungsprüfer,5485 Belt Line Rd #290
MMS CPA and Advisors,http://www.mmscpaadvisors.com/, 1 214-888-3833,Amtlich zugelassener Buch- und Rechnungsprüfer,15150 Preston Rd #300
Genesis Business And Tax Services,https://www.genesisbts.com/, 1 469-436-3747,Steuerberatung,9330 Lyndon B Johnson Fwy
SST Accountants & Consultants,http://www.sst.cpa/, 1 972-392-1143,Amtlich zugelassener Buch- und Rechnungsprüfer,12720 Hillcrest Rd #500
"Grissom & Company, PLLC, CPAs",http://www.grissomcpa.com/, 1 972-458-8864,Buchhalter,15660 Dallas Pkwy # 800
LTS Global LLC,https://lpztaxservices.com/, 1 214-814-5981,Amtlich zugelassener Buch- und Rechnungsprüfer,
Stock and Company,http://stockandcompany.com/, 1 214-696-9269,Amtlich zugelassener Buch- und Rechnungsprüfer,9101 Lyndon B Johnson Fwy #650
Asap Tax LLC,https://asaptax.us/, 1 972-298-2140,Steuerberatung,4353 Gannon Ln #115
"WYCOTAX - Income Tax, Bookkeeping & Payroll Company",https://wycotax.com/, 1 956-425-9926,Steuerberatung,13355 Noel Rd Ste #1100
Perfect Bookkeepers and Tax Consultants Texas LLC,https://perfectbookkeeper.com/, 1 469-654-1253,Buchhaltungsdienst, 
"The Law Office of Jason Carr, PLLC",http://www.carrtaxlaw.com/, 1 214-800-2366,Anwaltskanzlei,2626 Cole Ave suit 300
Smith Jackson Boyer & Bovard,http://www.dallascpas.com/, 1 214-373-8900,Buchhalter,7557 Rambler Rd #900
Ablon and Co PLLC,http://www.ablonco.com/, 1 214-361-1400,Steuerberatung,"12001 N US, 75 N Central Expy 1000 Ste 600"
"CMH Advisors, PLLC",http://www.cpataxteam.com/, 1 214-692-5878,Amtlich zugelassener Buch- und Rechnungsprüfer,17304 Preston Rd Suite 1350-A
EisnerAmper,https://www.eisneramper.com/, 1 972-818-5300,Amtlich zugelassener Buch- und Rechnungsprüfer,16800 Dallas Pkwy
Candy & Schonwald,http://www.cscpa.com/, 1 214-826-6660,Buchhalter,3116 Live Oak St
Forensic Accounting Corp,https://forensicaccountingcorp.com/locations/dallas,,Buchhalter,
Turnbow Donald C CPA,http://www.donaldcturnbowcpa.com/, 1 214-553-1886,Buchhalter,7920 Belt Line Rd Suite 740
"Craig W. Headlee, CPA, PC",, 1 469-249-9579,Steuerberatung,2727 Lyndon B Johnson Fwy #328
"Joseph D Brophy, CPA, PC",, 1 214-522-3722,Buchhalter,3838 Oak Lawn Ave # 727
"Pegue-Dennis, CPA P.C.",http://www.peguedenniscpa.com/, 1 214-559-6900,Amtlich zugelassener Buch- und Rechnungsprüfer,1320 Prudential Dr
IA-CPA LLC,https://www.ivanalvarezcpa.com/7mistakes, 1 214-390-3255,Amtlich zugelassener Buch- und Rechnungsprüfer, 
Beaird Harris,http://www.bh-co.com/, 1 972-503-1040,Amtlich zugelassener Buch- und Rechnungsprüfer,5005 Lyndon B Johnson Fwy Suite 1700
"Justin E. Way, CPA, P.C.",http://www.jwaycpa.com/, 1 214-624-9860,Amtlich zugelassener Buch- und Rechnungsprüfer,17304 Preston Rd Suite 800
"Dykes, Reed, Boggs, & Flynn P.C.",, 1 214-553-5550,Buchhalter,12959 Jupiter Rd #140
Your Favorite Tax Lady,http://www.yourfavoritetaxlady.net/, 1 972-677-7404,Steuerberatung, 
Tim Thompson CPA PLLC,https://www.timthompsoncpa.com/, 1 469-628-2047,Amtlich zugelassener Buch- und Rechnungsprüfer,"By Appointment Only, 537 Houston St"
"Kepner and Company, Inc.",https://kepnercpa.com/, 1 214-361-5081,Amtlich zugelassener Buch- und Rechnungsprüfer, 